Num_operations,size,height,avg_node_depth,avg_time_operations
10,13,3,0.615385,0.04
100,103,6,1.92233,3.96667
500,503,8,3.00199,79.3333
1000,1003,9,3.49551,262
2500,2503,11,4.18458,1404.17
5000,5003,12,4.68279,5198.33
7500,7503,12,4.95508,11932.5
10000,10003,13,5.18185,23430
15000,15003,13,5.45451,59765
20000,20003,14,5.68135,97333.3
