Num_operations,size,height,avg_node_depth,avg_time_operations
10,13,11,4.23077,0.0333333
100,103,101,49.0291,5.53333
500,503,501,249.006,509.167
1000,1003,1001,499.003,3283
2500,2503,2501,1249,30906.7
5000,5003,5001,2499,237565
7500,7503,7501,3749,788440
10000,10003,10001,4999,1.89093e+06
15000,15003,15001,7499,6.53418e+06
20000,20003,20001,9999,1.56626e+07
