Num_operations,size,height,avg_node_depth,avg_time_operations
10,13,3,0.615385,0.09
100,103,6,1.92233,7.5
500,503,8,3.00199,84
1000,1003,9,3.49551,346
2500,2503,11,4.18458,1231.67
5000,5003,12,4.68279,5076.67
7500,7503,12,4.95508,11952.5
10000,10003,13,5.18185,21420
15000,15003,13,5.45451,52905
20000,20003,14,5.68135,94833.3
