Num_operations,size,height,avg_node_depth,avg_time_operations
10,13,3,2.15385,0.08
100,103,6,4.83495,6.43333
500,503,8,7.00199,208.167
1000,1003,9,7.99003,548.333
2500,2503,11,9.36876,1173.33
5000,5003,12,10.3654,5063.33
7500,7503,12,10.91,11970
10000,10003,13,11.3636,21356.7
15000,15003,13,11.909,53320
20000,20003,14,12.3626,95913.3
