Num_operations,size,height,avg_node_depth,avg_time_operations
10,13,10,3.53846,0.06
100,103,100,48.068,9.83333
500,503,500,248.014,539
1000,1003,1000,498.007,3692.67
2500,2503,2500,1248,34777.5
5000,5003,5000,2498,233843
7500,7503,7500,3748,787660
10000,10003,10000,4998,1.87696e+06
15000,15003,15000,7498,6.67086e+06
20000,20003,20000,9998,1.58597e+07
