Num_operations,size,height,avg_node_depth,avg_time_operations
10,3,11,18.3333,0.07
100,3,101,1683.33,11.3
500,3,501,41750,491.833
1000,3,1001,166833,3641.33
2500,3,2501,1.04208e+06,39910.8
5000,3,5001,4.1675e+06,235320
7500,3,7501,9.37625e+06,789360
10000,3,10001,1.66683e+07,1.90126e+06
15000,3,15001,3.75025e+07,6.51709e+06
20000,3,20001,6.667e+07,1.56976e+07
